word,base_df,base_slope,disc_df,val_df,disc_ratio,val_ratio,in_dict,is_seed,is_control,disc_rank,n_docs,topic_entropy,top_share
delve,0.0027243559532985,0.0501344019698926,0.0271201584880398,0.0147614838841726,7.186265547341718,3.538301744219954,True,True,False,1,1159,0.9675492005768913,0.21267017601027496
vera,0.0055981146193169,-0.0206508363908508,0.0340708509048093,0.0519300923346174,6.960440601547567,11.056303074315938,True,False,False,2,2180,0.9383264372281894,0.28326165425996985
underscores,0.0036968823579655,-0.0073057941925463,0.0233039597385182,0.0586531035445674,6.610247495437711,16.88203235662081,False,True,False,3,2290,0.9859806174080896,0.19389790075000873
pid,0.0039387578802487,-0.0159970574230246,0.0217088103899891,0.0340993857402561,6.115543502284412,9.918373478134436,False,False,False,4,3949,0.9834921846374962,0.19602981452622809
underscore,0.0020747434816704,0.023825287811404,0.0137030472723099,0.0404016378471273,5.657128001548646,15.903160384086876,True,True,False,5,1627,0.9872813650744128,0.1848077381176352
ppta,0.0020918147925186,-0.0545594547547708,0.0074041587445727,0.0064939859043209,5.046254474005206,4.936220007055126,False,False,False,6,340,0.6536253910806188,0.4620021702475929
heightened,0.0020194791991504,-0.0221258581191073,0.0082801952556475,0.0080973610630381,4.734352508813559,4.839291626969765,False,False,False,7,490,0.9783079847705884,0.1846101504125604
comprehend,0.0026552731502757,-0.0122497829223791,0.011562649259148,0.0047579633562832,4.715505256778314,1.988529327943042,True,False,False,8,422,0.9867675892562184,0.15965771085421718
csa,0.0025674011303215,-0.0364672397555885,0.0089395144823749,0.013385913976603,4.413306508708091,7.108422455134683,False,False,False,9,1242,0.8578871455826311,0.3355863591200229
epta,0.0022101166828288,-0.003255193394189,0.0091277873489093,0.0101078447676264,4.218319225797778,4.70175415750023,False,False,False,10,548,0.7297485866587188,0.41284800385747233
dated,0.0049002997036762,-0.0461211002634044,0.0145203739784735,0.0291017806880399,3.998996879757173,8.789276064442626,False,False,False,11,1683,0.9295467325230505,0.22315039056238062
prompting,0.0023150730891742,-0.016247793167726,0.0077271559139878,0.0106645153848422,3.709548841341161,5.288776290209328,False,False,False,12,527,0.9795312029038613,0.19744350999401258
intricacies,0.0023900799202687,-0.002524634589782,0.0085507364429802,0.0047035591467656,3.6367874851067454,2.010637983812284,False,True,False,13,397,0.9774567294076809,0.2084716462149856
predehl,0.0025639763561955,-0.0220003024757322,0.007997244052938,0.0059475037001825,3.598581130928084,2.796629211174769,False,False,False,14,386,0.9065212256385468,0.24153951118207506
eazy,0.0033974919072684,-0.0591949790778581,0.0076529536095481,0.0096371656343281,3.3095808336406023,4.691474292501439,False,False,False,15,405,0.6411998686529958,0.4572959812311855
signifying,0.0050676552464735,-0.0132408136806634,0.0149348869211421,0.0118483514949621,3.211977960911706,2.6165520124102657,False,False,False,16,695,0.9870990102951894,0.16044087860003142
starforming,0.003041887256371,-0.0469945307174939,0.0071005450253216,0.012205936049241,3.168181817146064,5.982854379723836,False,False,False,17,746,0.7495338526509524,0.5293631008469694
necessitating,0.0046893739495719,0.0334659002328255,0.0180065933480369,0.0267322943553777,3.08919503070593,4.289255272179996,False,False,False,18,1339,0.9669580841765477,0.2076095867106509
utilization,0.0046375917236995,0.039882368229665,0.0184507321446151,0.0117271125732005,3.0699873848094352,1.80165941697776,True,False,False,19,858,0.9129026400035172,0.2428193992579794
accommodating,0.00349538130875,-0.0459670195729728,0.0078039876541968,0.0103493005759819,3.0101141362120933,4.376267252791082,True,False,False,20,492,0.9340433150905278,0.22790995316614343
nhz,0.0030898640574737,-0.00087156894231,0.0090149870774366,0.0101428941861567,2.934175593448693,3.3070436082044328,False,False,False,21,461,0.8329301204376008,0.34626267894874097
attribution,0.0028992876947428,-0.0104870051234863,0.0077434656557557,0.0112996272011747,2.8592226737998363,4.260745706164014,True,False,False,22,937,0.9816368629645544,0.20930542384071474
zeipel,0.0021357736373783,-0.0301831709030793,0.0049620480602148,0.0076880104275182,2.826898689381421,4.652431751460624,False,False,False,23,316,0.7472190607867544,0.37672287439955465
elucidating,0.0039741193522069,-0.0005564042228784,0.0111088187374878,0.00940589823905,2.8054184958916344,2.378008145653645,False,False,False,24,578,0.9862147323811369,0.17734559214451354
visualizes,0.0022386234747273,-0.0310148420616612,0.0050962304601878,0.0089227886030252,2.784968207316514,5.188131028235434,False,False,False,25,331,0.9346318312841849,0.29020146601285973
surpasses,0.0053983472695957,0.0508363094447012,0.0202830835849825,0.0219720889094454,2.7000177870300504,2.642093211516878,False,False,False,26,1172,0.9888406011752164,0.19141298137643484
cbc,0.0020937512725088,-0.0130518885354952,0.0051908199418374,0.0065461480241894,2.6987039001212665,3.493347749357945,False,False,False,27,314,0.6136609214213752,0.605682128997841
mbhs,0.0020025013868824,-0.0372499668040907,0.004210768787607,0.0050572855182867,2.6788107139979123,3.4661951916326355,False,False,False,28,225,0.8175216422958439,0.3333064229267814
groth,0.0028860617390656,-0.0572478082409335,0.0052494408922233,0.0062343953594595,2.638840127697539,3.514141008246571,False,False,False,29,301,0.8760996432559023,0.24454911390480497
overlook,0.0026160688473291,-0.0496229101449684,0.0049775405597433,0.0063670427487799,2.62692003466548,3.710835674055353,True,False,False,30,341,0.967416484870317,0.24781074546788834
aligning,0.009958694266014,0.0395239352443246,0.0336565156711914,0.0540813677712682,2.613930752106284,3.8809901262329616,False,False,False,31,2502,0.9900883068277776,0.16046483149055096
haro,0.0053323880576784,-0.0444366847988368,0.0103993087705901,0.0094138445624784,2.6032967226626926,2.5756297662729275,False,False,False,32,512,0.8740205539788509,0.3775953952997422
comprehension,0.0040040435721472,0.0492236597834311,0.0141981940512979,0.0057048278373456,2.575017280308092,0.9376363925322114,True,False,False,33,629,0.9796273672733666,0.18425527587214935
cosmographic,0.002462912026965,-0.0480608415103254,0.0046323440195884,0.0056979035490848,2.57053507306344,3.4808310089522587,True,False,False,34,254,0.41186079090551697,0.783150746877417
het,0.0024270148588162,-0.0494608041000026,0.0045213559416455,0.0041841800377291,2.569329869076373,2.6249596951931444,True,False,False,35,213,0.9260940210317283,0.24718642373981506
asia,0.0026111053915201,-0.0320874316088646,0.0054068176142262,0.0047579633562832,2.550923194070884,2.393577780081766,False,False,False,36,319,0.8799646979795102,0.2524928953267225
ers,0.0028062279749461,0.0287502580848947,0.0086243079899867,0.0067105807072235,2.5494224037896025,1.872860747064375,True,False,False,37,394,0.8739010374073451,0.298990498336469
totaling,0.004344843076446,-0.0579177271218063,0.0075661548049253,0.0135197814204048,2.5374523623263743,5.090952484885422,False,False,False,38,580,0.9436051080815238,0.21909894710795563
enriching,0.0052144089127485,-0.0460512554882001,0.0097713387367766,0.0134755656239646,2.527829183650125,3.822436417792628,True,False,False,39,659,0.9547443967737045,0.22917895854253392
kansas,0.0021475651491679,-0.0261691157054989,0.0045572356183838,0.0042772938292212,2.5155230550796044,2.4878609836883423,False,False,False,40,249,0.929677936350312,0.23972363203245986
chakraborty,0.0041687251273524,-0.0168603548636802,0.0091864971538206,0.0145051574641278,2.458906521474701,4.015681315359201,False,False,False,41,775,0.8974217868581844,0.27567028466778193
aiding,0.0027569609771251,0.0353702477701611,0.0084966459764187,0.0096565204253153,2.4488925605764944,2.593108359792273,False,False,False,42,546,0.9768739145337717,0.20846834995896538
lsf,0.002958415056019,-0.0593789650705745,0.0049115819807129,0.0079771441764442,2.442215667343059,4.466691629656611,False,False,False,43,315,0.8234172053322838,0.35732457532919415
roman,0.0138509127129273,0.041532363412146,0.0441327538122715,0.0558184123544735,2.432429935369884,2.8312762059006173,True,False,False,44,2499,0.9564867520738022,0.2167329832974385
petersen,0.0020338384854348,-0.0352760493085074,0.0039324369232474,0.0022951332742162,2.4317927665487997,1.5230462564568592,False,False,False,45,207,0.9173696346488232,0.23897809534983222
amd,0.0029499493349525,0.0007272853659853,0.007155905782505,0.0120433494172285,2.4143320110045203,4.057401202551263,False,False,False,46,507,0.8343520998074007,0.3714768581824984
dithers,0.0029429180215154,-0.0189250785527411,0.0062785989808083,0.0078365504636954,2.4127284897108647,3.1275823686519773,False,False,False,47,334,0.8354226802209145,0.31863010154339894
offering,0.0179474947369215,0.0401534662690837,0.0557579061966856,0.1393689696811095,2.39305585226052,5.519955920879681,True,False,False,48,5658,0.9863703819180082,0.1904312221866629
confounding,0.0026393627327712,-0.0238796792950113,0.0053790928083718,0.0076482788103761,2.3802372164079326,3.549903448480858,True,False,False,49,320,0.9292198716904093,0.246228200520464
adhere,0.0053008843087107,0.03751593158652,0.0159763661705784,0.011677192542981,2.3617037894417003,1.6014004188544029,True,False,False,50,787,0.975281374740181,0.19937124095650244
alterations,0.0047692537520218,0.0306362835639671,0.01360465569455,0.0103731395462672,2.3375102680784035,1.676354461695967,False,False,False,51,649,0.9776023219973468,0.19447072141197408
ramsey,0.0024415465382978,-0.0481773554862646,0.0041488876440187,0.002086484794742,2.3241663269776685,1.287054905752688,True,False,False,52,200,0.933631238048614,0.2284525172317683
rez,0.007789305183457,0.0064013063505963,0.0187187327507038,0.0556091378784591,2.3051934980716475,6.761094407785779,False,False,False,53,2363,0.9752091360006354,0.20105503985013531
kartaltepe,0.0021193501319045,-0.0162590154728187,0.0043763003804939,0.0059621762925579,2.2951031910221604,3.2301471567668147,False,False,False,54,260,0.533210311461658,0.6410369020360117
sevilla,0.0021708592908597,-0.0590199063916575,0.0033948900811162,0.0042442884810261,2.295102947016732,3.228831544572623,False,False,False,55,208,0.8839213439240612,0.3101740069618397
lacy,0.0058226444947175,-0.0410006560786651,0.0101855763401136,0.0078581473443316,2.2835297017138543,1.9122908273543364,True,False,False,56,457,0.9167403765459609,0.25806383114749076
copyright,0.0022682332104366,-0.0217087881536665,0.004490459797114,0.0035731052109957,2.2797391240918654,1.894506754869759,True,False,False,57,511,0.9885866793521678,0.16430237540923784
noteworthy,0.0311800595483618,-0.0073658560580806,0.0677453108022478,0.0666165971638038,2.2792684473093447,2.274555744528525,True,False,False,58,3311,0.9922392119988706,0.14721441739000266
undersampling,0.0022488896108072,-0.0312026355440806,0.0041839500785175,0.0061390394783185,2.278771172198012,3.558909249034776,False,False,False,59,254,0.8653869157518878,0.3154863198734222
enigma,0.0020850576889743,-0.0500963526250514,0.0034135539193217,0.0015127014761879,2.267286455253785,1.1106212942880362,True,False,False,60,188,0.9620317124528803,0.21252925215370888
categorized,0.0139685001563371,0.0144668550776364,0.0347237298239016,0.0477450882810343,2.2627569202743123,3.0225568869798325,False,False,False,61,2271,0.9790614312244658,0.19070571466230268
comprehensively,0.0077048063096993,0.0257622966442462,0.0205668520299314,0.0257298056103164,2.2577785708141462,2.68270662507695,True,False,False,62,1243,0.9945765505202514,0.17171297848783276
nez,0.0049896362951652,0.0404533670707322,0.0146257477667764,0.0417796478636596,2.253475328114297,5.936933102198288,False,False,False,63,1847,0.9737473816883283,0.22157546433955233
embodies,0.0024311715618555,-0.0504177492016146,0.0039315308264825,0.0012779719367795,2.244249075553668,0.8069060791799458,False,False,False,64,158,0.956996278037166,0.24149868045310652
teff,0.0027642745779942,0.0268192761364359,0.0073665557288299,0.0122556580601468,2.238591164638613,3.5298155726683147,True,False,False,65,633,0.8428472251140819,0.3546798412514683
xing,0.0024599613352384,0.033022312726218,0.0068011952263189,0.0095941698923693,2.2306827402348928,2.945622943382384,False,False,False,66,512,0.9635754625624617,0.2060897221031399
mbh,0.0032308236055558,-0.0050390068824428,0.0069535884161149,0.0118870610769365,2.2239264370160954,3.840278813490058,False,False,False,67,584,0.840488637914906,0.2821005540769262
mrs,0.0039062341070228,0.0381425896368161,0.0110797347864861,0.0169362022524811,2.2135933520665314,3.1351207751754795,True,False,False,68,738,0.9053066771503836,0.22715406774434227
gent,0.0033037761913293,-0.0361461223175079,0.0057755726702681,0.0046163476083668,2.211168470689159,1.899859158865932,True,False,False,69,301,0.9311552804954758,0.2126578874642817
aids,0.0046435284120827,0.0198128398947294,0.0116518910147337,0.0122872453345467,2.2060652867863144,2.2359766437513926,False,False,False,70,691,0.9698864936701607,0.24924638343180605
gratitude,0.0027875217414924,-0.024665211933711,0.0052090307316605,0.0048441528595145,2.1936454295275456,2.1431436505507917,True,False,False,71,1291,0.9925366338115147,0.16373992015012462
jiao,0.003734160248656,0.0454317067234892,0.0109878635951311,0.0127862476174284,2.1901330604650457,2.327227677134719,False,False,False,72,764,0.9917874221770686,0.15449215954142975
fabricius,0.0022875337202435,-0.0412619282544546,0.0038173714098625,0.0039993705285402,2.182105742834209,2.482805353736578,False,False,False,73,202,0.8812476042728176,0.2479102122542655
vos,0.0023119268926078,0.0084023799648103,0.0053081506971346,0.0052716382315403,2.173951995781153,2.123020024725834,False,False,False,74,287,0.9471522144909365,0.2475497655199001
hori,0.0020621035326214,-0.0060179064824625,0.0042993797857595,0.0036513483907986,2.1681203074882838,1.863622422058518,False,False,False,75,217,0.889135278694924,0.29631943547424394
mosaics,0.0094727725436832,-0.0588209572664113,0.0139975111693868,0.0184171184349555,2.165809353293536,3.205400626424156,False,False,False,76,764,0.80275323274874,0.3975710444181127
alabama,0.0040485831024022,-0.051264944001351,0.0062494261752812,0.0047989150279067,2.154039281144608,1.8326718179336592,True,False,False,77,308,0.9503072652305663,0.1945426887396924
editing,0.0041639400287199,-0.0177763708098609,0.0079522145540254,0.0084307106084043,2.14370386729218,2.354947577663231,False,False,False,78,724,0.9684441406598375,0.18509222694395508
encompassing,0.0228217674626303,0.0128022772658054,0.0529565632480728,0.0654543579343202,2.1351617825045768,2.572347545421128,False,False,False,79,3076,0.9915449479927128,0.1716015003178532
weibel,0.0020203547078572,-0.0236103065870612,0.0036878083482393,0.0061425016224488,2.1280929220452096,3.715995468860228,False,False,False,80,289,0.8292076617168295,0.3687400368823826
gonz,0.0078623309636413,-0.0066531846337016,0.0159727417835189,0.0462802627647305,2.1213362744439417,6.228805162450143,False,False,False,81,1883,0.9652842619997232,0.23257039020110407
lez,0.0080989756266585,-0.0066790154294615,0.0163947700638827,0.049482528902867,2.114119466434324,6.466620894005315,False,False,False,82,2008,0.9720037672531558,0.22101409741617323
warrants,0.0072614507714588,-0.0298068005646276,0.0126468927655847,0.0227746995143148,2.113987803082954,4.040742307366617,False,False,False,83,855,0.9916433242228155,0.16840233151020687
andr,0.0034251547492595,-0.0332008306686174,0.0058302938942627,0.0193095787065002,2.112191757848952,7.475729350963888,False,False,False,84,742,0.9731533027110337,0.16967258879137626
facilitating,0.0106953201811547,0.0561981807582036,0.0325467237462872,0.0530448516428442,2.1118878353183743,3.0760521246584758,False,False,False,85,2433,0.9796859584461419,0.19326494521640664
pinpointing,0.0025249783036215,-0.0065185307740806,0.0050926060731282,0.0050028813087691,2.1041838624470763,2.094236504016953,False,False,False,86,293,0.9849063557355832,0.20607606589030056
utilizing,0.0416925689542102,0.0516130835016962,0.1224947214268901,0.1205225198231066,2.100677654962932,1.8641449979095757,False,False,False,87,6777,0.9873941503081279,0.17808377686536983
align,0.0362775122595872,0.0484291966549478,0.1042202964060595,0.1679000331560983,2.0970237193428867,3.066456123561126,True,False,False,88,7327,0.9914381555657561,0.16747153136254112
dutta,0.002758621427864,0.0375728378334499,0.0073651077291572,0.0111443608960504,2.0913277655391296,2.935369755764819,False,False,False,89,684,0.9218178689048451,0.23804110037483922
weaver,0.0142695855153291,-0.0416282310479711,0.0226518980616655,0.0260737396073874,2.080684164089794,2.60293132132293,True,False,False,90,1376,0.920938105255652,0.2734992705527436
pradhan,0.002385549355213,-0.0467809847845242,0.003652292865358,0.0021386469146106,2.0750850033792445,1.334267272205821,False,False,False,91,230,0.9098536183574926,0.31857383495415814
mcleod,0.0034530932886972,-0.0131613888297653,0.0065692520060192,0.0067366617671578,2.072340342217569,2.181834170695482,False,False,False,92,361,0.8446744245319233,0.41723223431319345
hinges,0.0054965713914459,-0.0232659755434526,0.0097918147685119,0.0106044069415453,2.0722834920556688,2.3511532243680118,False,False,False,93,547,0.9743289053715329,0.20813731646779743
reformulated,0.0074442359909808,-0.0417790081976859,0.0117022682397103,0.0121782388961979,2.0624739368946,2.333413440063472,False,False,False,94,560,0.8211977562263225,0.35452918844779374
timestamp,0.0020660587531545,0.0337150694609198,0.0053049793584575,0.0087821948902764,2.0623685857361225,3.1915460835633382,False,False,False,95,346,0.811026069065166,0.3763662509919338
nakajima,0.0077944715920821,-0.0353456113242636,0.0127750966820605,0.0122964117124565,2.062315675096711,2.1304441374612075,False,False,False,96,704,0.9091879643726556,0.3417513418552009
fakultat,0.0023395451382082,-0.0285488291051312,0.004004738179632,0.0,2.060789308948364,0.0,False,False,False,97,94,0.9272225045306466,0.25501876944276003
surpass,0.0070351995404733,0.0414881323213145,0.0189146185852144,0.0221228710352716,2.053069887274976,2.2100978333019263,True,False,False,98,1118,0.9735762609884739,0.20662574049977403
mei,0.0045766959110167,-0.0326628347753579,0.0075856358853704,0.010389032193124,2.04948296459328,2.996387593076689,False,False,False,99,522,0.9412501188793316,0.2081828416554763
unresolvable,0.0023270500956773,-0.0408863583532822,0.0036527459137405,0.0041580989777949,2.047540070668935,2.529421517134649,True,False,False,100,192,0.9241262737450424,0.2834787270775858
perrin,0.0031804979982499,0.012782514892054,0.007076266897476,0.0055562878011683,2.047505780063931,1.5671223810636086,False,False,False,101,347,0.8891915573026105,0.3011555412405873
gup,0.0023960544769222,-0.0481959584069789,0.0035858812379452,0.0004172969589484,2.04716225726162,0.2623397265342226,True,False,False,102,100,0.28362719834249067,0.7703347614731355
diminishes,0.0179584601967504,-0.0169325159270508,0.032874073690476,0.0441605746024797,2.0435415219672386,2.8396973370837024,False,False,False,103,2012,0.9902268602217522,0.15597880218165297
culminating,0.0038202016228669,-0.0167576622773883,0.0069621963353813,0.0087017096208245,2.032195209392722,2.626511242392682,False,False,False,104,429,0.9929639781549248,0.14682977204670597
hannah,0.003024664775009,-0.0080417669526969,0.0058270337010603,0.0074714156246155,2.0298853015898395,2.6449158263185133,False,False,False,105,386,0.9276329970162642,0.22216378996034852
stsci,0.0153361154203224,-0.0510365989013754,0.0222667444093303,0.0241254084164315,2.023081095927585,2.4275102293126944,False,False,False,106,2046,0.9151534364270683,0.2387201391945004
wcs,0.0065568214362704,-0.034251519945873,0.0106098698623896,0.0154609903037862,2.02164920870653,3.154885072229149,False,False,False,107,591,0.9042780980987815,0.2644593071743913
pagano,0.0021974217103228,-0.0362363385467874,0.0035085964493538,0.0048906107456036,2.0207476422109645,3.0284209556895565,False,False,False,108,256,0.8995829646417087,0.22391498874279242
superiore,0.0027165704089216,0.0204711046852208,0.0062686319163945,0.0036252673308643,2.02005704188703,1.1213725617442922,False,False,False,109,322,0.8135910838347514,0.3392895891352043
csc,0.0033996721740969,-0.023295265983071,0.0059020532477395,0.0044348022239945,2.019884880145376,1.5901268193816145,False,False,False,110,522,0.936123124500156,0.20806573874458537
brammer,0.007271657396242,-0.0327748100341141,0.0118691589777445,0.0137386183129564,2.0197936960644887,2.496306812245818,False,False,False,111,643,0.6549898131360888,0.5375667187647015
navy,0.0032896492639427,-0.0338333335053069,0.005331798067547,0.0089284928368046,2.019448077645389,3.618465307621859,True,False,False,112,364,0.9869399704742705,0.1643280623897375
vries,0.0040614065737782,-0.0570424231766451,0.0056591480117358,0.0063307732757682,2.018833245324522,2.5313521985848944,False,False,False,113,304,0.9346588557689313,0.22603447686206943
deblend,0.0033055264687277,-0.0518805832880233,0.0047564705006222,0.0052319066143982,2.0160374730697312,2.460008899876189,False,False,False,114,223,0.7666418174779909,0.36242330728760935
uncalibrated,0.0054932740180481,-1.4546871659860569e-05,0.0110665075288699,0.0138871583491336,2.0147463847425597,2.528342029671711,False,False,False,115,624,0.9317434559491192,0.2583443355616621
harten,0.0030515088950557,-0.042731224138904,0.0046550852932359,0.0055766646273232,2.01390777726662,2.627860659829317,False,False,False,116,265,0.6544146117473905,0.573265313503735
xin,0.0048386368677867,0.0060866182983487,0.0101305797767872,0.017012203342635,2.012469327400283,3.338633636781918,False,False,False,117,738,0.9671927144621842,0.19398498582119145
rigby,0.0032477770979358,0.03608895615379,0.0082591773210043,0.0062763690662506,2.011289336101616,1.4220005516780354,False,False,False,118,407,0.8496479177126662,0.33224020836443063
deciphering,0.002140261508341,0.0198648238121624,0.0048838571748585,0.0049042613028114,2.0054850181880144,1.935422127993229,False,False,False,119,318,0.9679465809360613,0.18749420637030878
uncovering,0.0060181094890523,0.0037029767475512,0.0123631243206358,0.022787328036355,2.005464443027525,3.6691356608829993,False,False,False,120,1072,0.9808487289366116,0.19610319883133623
dormant,0.0038475010299079,-0.0530737886583653,0.0054550184518159,0.0069679291624359,2.001890078810279,2.8434594371673496,True,False,False,121,298,0.9497642289586947,0.21234150305375202
finkelstein,0.0124055633383148,-0.0176115733903534,0.0221415341224808,0.0135254856541842,2.0012768773072147,1.266337755308504,False,False,False,122,852,0.7457052301217172,0.46129326283865274
maiolino,0.0102280584720613,0.0019385579586888,0.0206932437528774,0.0221695269406745,1.9978505092645529,2.1320973543749044,False,False,False,123,1191,0.6397163553670698,0.6196609652475825
necessitated,0.0036531962164305,-0.0377705615569588,0.0057078907522333,0.0072287397617786,1.9972190740428049,2.727845292070461,False,False,False,124,315,0.9704201447386639,0.2016301102420151
mast,0.0149167785117474,0.0169574694843016,0.0332481764725818,0.0430708743190195,1.9962885209182155,2.4998278116910027,True,False,False,125,2478,0.8926044293862752,0.22699236445840268
libeskind,0.0028450052008513,-0.0443132909792287,0.0042567043832845,0.0023472953940848,1.9956438650727728,1.2024508475113835,False,False,False,126,220,0.6688911583548954,0.3599888967437756
quasiperiodic,0.0026879453349328,-0.0278862088688777,0.0044681715718489,0.0052932351121766,1.9926443037346333,2.495989642807792,False,False,False,127,298,0.8701419296518533,0.31282503024540764
initiates,0.0055057185319972,-0.0042101549450726,0.0106563473609749,0.012851862275191,1.9892037497640795,2.4193230190350072,False,False,False,128,613,0.9636645356508625,0.23345688827713676
citation,0.0022252509314475,-0.0177145433788595,0.0039384154067446,0.0066437459949795,1.985862454970816,3.4707818707674165,True,False,False,129,410,0.9604324562377158,0.24178834942687202
gezari,0.0042661013027298,-0.0560758131623292,0.0058774997805622,0.0056447193940486,1.9836208432114744,2.131155952423245,False,False,False,130,297,0.7804176574860192,0.41570523359628847
pha,0.0022985336058012,-0.0152728801205425,0.0041247872252238,0.0043066390139721,1.9818223507133084,2.1333764509489064,False,False,False,131,190,0.7715438817504017,0.4189475173546954
guan,0.0020330429130852,-0.0409289228040481,0.00308656816899,0.0031806692575002,1.9809255883349484,2.2154462138061257,True,False,False,132,197,0.9601968492910437,0.18520692427109522
zavala,0.0039909315522429,-0.0094787051376705,0.0073991752123658,0.0057547478675651,1.9718169832936612,1.5629413839583512,False,False,False,133,428,0.723374522053299,0.45380302980037657
abdalla,0.0038452238794105,-0.0015500570905759,0.0074924055488681,0.0077118493978034,1.968227630312581,2.0321649177180614,False,False,False,134,527,0.710466179316571,0.4578500762947751
coloring,0.0022496803819478,-0.0306596579941579,0.0036245680595036,0.004324773750478,1.966459560566462,2.49472565758828,True,False,False,135,196,0.9602989873566222,0.22730890027196055
patel,0.0065451569099773,-0.0294612237279951,0.0105999027979759,0.0113937630278343,1.961319404263301,2.236162286186413,True,False,False,136,642,0.9655279634658854,0.21643399790943882
examinations,0.0023581808407745,-0.0248882535272067,0.003931983874865,0.0036886398989779,1.960162264033084,1.9326989822408949,False,False,False,137,186,0.9534206965932525,0.2087154279256472
dekker,0.0026291357416019,-0.0534201937632044,0.0036263802530334,0.0022951332742162,1.9519152263642436,1.3746613138043315,False,False,False,138,197,0.9256821374329958,0.2750933916999544
necessitate,0.0070066423598217,0.0392291554289682,0.0176449093570634,0.0208267643619863,1.951501745583675,2.129596401514922,True,False,False,139,1039,0.9686799634607753,0.17780242158032153
ilc,0.0020141578432984,-0.0507939561271741,0.0028082363046304,0.0032691008503805,1.9396667641355896,2.4994293369888494,False,False,False,140,157,0.49868460006722704,0.5343702647715881
compactify,0.0020880084049656,-0.0450223815792128,0.0030201565415772,0.0004694590788169,1.9381684901059213,0.329659625348727,False,False,False,141,94,0.6686439938984177,0.47542794382583686
sneia,0.002468586373959,-0.0347198706209751,0.0038151061679503,0.003503830389789,1.9367319367340057,1.9066161066337397,False,False,False,142,180,0.5460313283447054,0.6751321708064724
brunner,0.0036609319734468,-0.0276870438896795,0.005916639650503,0.0031818893119816,1.9348246338263664,1.0997658177064424,False,False,False,143,297,0.8466083090639774,0.3938101141619975
perceive,0.0036328182241216,-0.0176374641929758,0.0062563107555432,0.0036444241025378,1.9313620417478652,1.1654509395729302,True,False,False,144,230,0.9380244081637714,0.2614553914826705
tobias,0.0033284644841208,-0.0573028396190769,0.004424954266466,0.0048667717753183,1.9294159082544533,2.379746316930152,True,False,False,145,269,0.9663212988404557,0.22140370532196973
enumerated,0.004020384321658,-0.0588431849009057,0.0052908460040764,0.004142206330938,1.9291536041065325,1.6989631398519338,False,False,False,146,216,0.9763333821408254,0.1847743498355753
arrested,0.0031259709308238,0.0294485863916618,0.0073000552468917,0.0120341830393187,1.928458871677216,2.9972442097183385,False,False,False,147,421,0.6303361913552317,0.5955312473717015
heraklion,0.0020826520033487,-0.0475361437609191,0.0029478552851926,0.0017474310155964,1.9278795790169816,1.2567912641427423,False,False,False,148,148,0.8802570760180105,0.2593725171554667
olive,0.004016481403451,-0.0334689439317093,0.0062263207077766,0.0100884899766392,1.9269288589410083,3.338344230058512,True,False,False,149,461,0.9572127972415762,0.2696905675610152
milder,0.0086229769775345,-0.0533269008549855,0.0117209320779158,0.0135503466596371,1.9223930368109663,2.472575712600364,True,False,False,150,625,0.9453393613013262,0.23934077962349426
mena,0.0033761657530761,0.0180937516846508,0.0072991491501268,0.007928444200706,1.9220796052804765,2.013590128648997,False,False,False,151,581,0.91629334517933,0.3163070129056006
kashyap,0.0020452295550496,-0.0476565169322433,0.0028791784158676,0.0030683986943347,1.918919574788788,2.2495409798633985,False,False,False,152,172,0.850136088682473,0.31384774155005973
estrada,0.0021560986616948,-0.0012109203789876,0.0040993276612816,0.0031285071376317,1.9162948273908167,1.4660157511459628,False,False,False,153,190,0.8182420255665642,0.4385810988535778
cracks,0.0021618901751778,-0.0483385059630755,0.0030187973964298,0.0023721563995377,1.9118586949809604,1.6548225710141524,False,False,False,154,127,0.6712198484027275,0.5756190835866235
utilized,0.0499511319498594,0.0500226057717443,0.1316780472420336,0.1356583049242689,1.9044015328448696,1.7751802105667085,False,False,False,155,7288,0.9922919558186537,0.17399960736818604
resampled,0.0124159606759459,-0.042879435299126,0.0178872726901592,0.028698364244212,1.9037449456325457,3.3278702338986808,False,False,False,156,1125,0.9204546757129699,0.24072192925552147
keldysh,0.0021479442339423,0.0022065855552389,0.0041443571601942,0.0033756671797666,1.9019766128831408,1.542378639651008,False,False,False,157,174,0.4524523826409157,0.7421944513677581
hypothetically,0.0024537118423639,-0.032939907443662,0.0037664522819781,0.0027372912386175,1.90149610838378,1.476030116194062,True,False,False,158,163,0.9633733479409171,0.24413595105717903
tong,0.0056169960869229,0.0205652883151962,0.0122062006470153,0.0147105418187854,1.901176074825757,2.1989113560201305,True,False,False,159,910,0.9496909741088294,0.2135324372112372
gti,0.0024924494170376,0.0012304211602137,0.0047715099517682,0.0054621519745087,1.8991361794938348,2.1686792423803416,False,False,False,160,270,0.5960884967803974,0.6051948487454855
amara,0.0026300036520651,-0.0166641450109731,0.0044736081524382,0.0036252673308643,1.8955840251126488,1.5881789252666183,True,False,False,161,277,0.7751528145258468,0.3595159533097521
progressing,0.0047650906605388,-0.055027276971656,0.0063159266572193,0.0071641471391836,1.8954100894243968,2.400085384669356,False,False,False,162,352,0.9833070967108576,0.17561941110214507
situated,0.0321797365332535,-0.0196501895698889,0.0536691556991222,0.0486579253787339,1.895016854487571,1.7869394616119592,True,False,False,163,2795,0.9854229854613981,0.16919541212932657
nonspherical,0.002105224520455,-0.0577453231386103,0.0027404655320702,0.0022951332742162,1.8946806209809424,1.781051709869672,True,False,False,164,161,0.925191681069937,0.27159365458023565
ssb,0.0039617684715551,-0.0475570778505703,0.0055063906280827,0.0046479348827667,1.893335042552659,1.7576323753915613,False,False,False,165,230,0.8858531771744447,0.22155586618497572
unmodelled,0.0029026883794109,-0.0216424800588982,0.0047737751936804,0.006889685982633,1.893025272273948,2.852937752470041,True,False,False,166,277,0.8842300498919963,0.36234055448694885
sokendai,0.0032940662462403,-0.0369490218900079,0.0048856693683883,0.0037817536904699,1.885800126093204,1.5716590554698957,False,False,False,167,293,0.9654494270769701,0.21217860150451182
seamlessly,0.0024904324760585,0.0562350548521469,0.0067606962112307,0.0102631110727507,1.8835186266465695,2.555126339663258,True,True,False,168,440,0.853782381030675,0.30608707024001214
glorieta,0.0039178809564115,-0.0410581817937849,0.0056355894958488,0.0047206718481039,1.8784162501358708,1.7081223736205502,False,False,False,169,338,0.9634908740963797,0.19387467412538867
supersolar,0.003261734238041,-0.0160067109406959,0.0055178056921692,0.007172093462612,1.877169118642636,2.519336571187963,True,False,False,170,336,0.8110544980862104,0.37508638385911897
totalling,0.0028793331743791,0.0010879550292215,0.0054300119362562,0.004958665512329,1.872568267697099,1.7063051575351444,False,False,False,171,263,0.9412648909185879,0.2631965487513948
hereon,0.0020479480906417,0.0308729735246262,0.0046837161958552,0.0024503995793405,1.8711985574688592,0.9203442164661456,True,False,False,172,160,0.9660318886500455,0.20224486458392116
scrutinized,0.0041549051060965,-0.0208225067777793,0.0067843435816431,0.005555067746687,1.869506042504181,1.5958592991107785,False,False,False,173,317,0.9804445822962325,0.21835449523270858
encapsulates,0.0073411560016718,0.0241292868022643,0.0160259261533155,0.0275825829008176,1.866138098690136,3.060533532358116,False,False,False,174,1104,0.9549350894547283,0.23804633571905573
detailing,0.0044689321110179,0.0182156759900946,0.0093843728909116,0.015187749201717,1.8654353822221657,2.9110283529422665,False,False,False,175,675,0.953970461419684,0.2474666285421262
decin,0.0022049093704416,-0.0233464269557771,0.0035326968681487,0.0030241828978946,1.864749883852288,1.672633217399035,False,False,False,176,171,0.7744692836201785,0.4052657059201338
insulation,0.0025732213358293,-0.0260226604679625,0.0040488615817797,0.0035117767132174,1.8634404653230985,1.7025994261304915,True,False,False,177,188,0.5600182840998689,0.6519180754966875
sander,0.0021436436129876,0.0099384038138709,0.0042594226735792,0.0056288267471917,1.86269990967828,2.413112941248172,True,False,False,178,266,0.7958428597352701,0.4460832991332179
readability,0.0055989863213859,0.0096107747575996,0.011046484545517,0.0145459111164376,1.853464579616428,2.394160813504325,True,False,False,179,669,0.9764683200362069,0.2028278486309431
commences,0.0040505853638633,-0.046595627919592,0.0055423591593465,0.0046797201764804,1.8523042927492936,1.716761640682429,False,False,False,180,269,0.9638249321742185,0.21916105355471893
prevailing,0.0113316350598338,-0.0328002870230637,0.0169372115836954,0.0199387882697395,1.8498722059102584,2.3253511421229707,False,False,False,181,936,0.9863064040406674,0.1878956110203622
refines,0.0022601500547928,0.031007156250998,0.0051130821048635,0.0129221591315654,1.849332293282255,4.39273291242467,False,False,False,182,478,0.9242358664648651,0.28690694619493956
witzel,0.002196930401303,-0.0590291404283193,0.0027672842411597,0.001330134056648,1.8487222407305728,0.9999663119038849,False,False,False,183,113,0.8117308934752865,0.3957280647570696
monopolar,0.0021722379136675,-0.0388947937726298,0.0031161051683741,0.0012518908768452,1.8471466651484003,0.8021199843573588,True,False,False,184,127,0.8468809907679191,0.3093505183762106
complexities,0.0136494259526118,0.0187952402007536,0.0284531968594519,0.0380465941489278,1.844842659781961,2.375848323895614,False,False,False,185,1829,0.9777215306869359,0.19882496796935922
kocevski,0.0045205497267383,0.0191343892801278,0.0094229708579447,0.0100715752946147,1.840695112547147,1.8935269717114735,False,False,False,186,553,0.7290070959379421,0.5070176500633058
sergio,0.0037807019448127,-0.0592384928447691,0.0047328231302098,0.0063635806046495,1.8398101595689809,2.784890915942356,True,False,False,187,331,0.9594921341659548,0.2601791346632548
pmo,0.0024021048961188,-0.0373093361842903,0.0034599425633817,0.0028689165927703,1.8356842144577512,1.6400363877337387,False,False,False,188,243,0.9655412878007122,0.2032138051164904
affairs,0.0030997465380003,-0.0495853260408416,0.0041211628381643,0.0024777006937561,1.8351379189335029,1.2183359053633986,False,False,False,190,453,0.9830202569352727,0.16802878664278245
slitless,0.003899260095763,0.0387789846344695,0.0091696455091448,0.0144053174036888,1.8276818434350388,2.6569775492248686,True,False,False,191,579,0.8787640416025866,0.24375652357840571
spec,0.0159493471892515,-0.0326390273326668,0.023546056508038,0.0230302019185056,1.8252083271733943,1.905644580723677,True,False,False,192,1296,0.9630530291776946,0.19654801759449556
mccomas,0.0029447570781572,-0.0405235549839172,0.0041261463703711,0.0031806692575002,1.8234324182725536,1.5242698718268968,False,False,False,193,171,0.6825603349043957,0.5938688605352344
fragos,0.0026135615223006,0.0114451941124855,0.0051307509917788,0.0045550191105884,1.822381969440245,1.5812753692772954,False,False,False,194,266,0.8567803272127734,0.2857542938502801
ruhr,0.0021594095576553,0.0098793752990028,0.0041907458042542,0.0063637786239632,1.8199844252590305,2.7096319199300245,False,False,False,195,465,0.8787485894535821,0.27791914303021226
dev,0.0034197247316828,-0.0170630145399393,0.0055673656749062,0.0061447437120979,1.8189720388455997,2.077307531095602,True,False,False,196,400,0.9660359569469448,0.19946266918421024
notably,0.0802743691467314,0.0508340119521973,0.2031900768898357,0.3462341702562138,1.8189700263831663,2.799878031064426,True,True,False,197,13935,0.9967049688328508,0.14094808231242828
jorstad,0.0033039876338778,-0.0473942914602969,0.0044062904282605,0.0035117767132174,1.814783078067057,1.5901740251844618,False,False,False,198,193,0.6418673982624619,0.5288381299361649
boyle,0.0030256200289542,-0.0270893274000144,0.0045909389077354,0.0051412329318689,1.8094974369636387,2.1392090649259625,False,False,False,199,324,0.9426386460362548,0.2038117423375717
furnished,0.002195818716134,-0.0481232868177367,0.0029055440765747,0.0022939132197348,1.8091679770302496,1.5726343738638209,True,False,False,200,116,0.9329454220382585,0.2801913683727529
multifield,0.0025685604393459,-0.0511772651436175,0.0033307436956156,0.0036784514859005,1.808508066759997,2.212566212113967,False,False,False,201,167,0.38690741857524885,0.7614840730538598
totals,0.0026707370994073,-0.054171877546222,0.0033962492262635,0.005145717111167,1.8083853159299423,3.0534472473845247,False,False,False,202,191,0.9234318539116302,0.22094664514385007
normalizes,0.0037834472321801,-0.0342635035939428,0.0054736822900214,0.007710629343322,1.8076520301483892,2.7270052565452634,False,False,False,203,304,0.9219688769767747,0.3298877271769518
informatics,0.0029240378484972,-0.0174842601442467,0.0047114410017096,0.0027906734129675,1.805208344517626,1.1073100089099714,False,False,False,204,269,0.9835300283614314,0.16521859412151463
disparity,0.0088816442185463,0.0340174105209557,0.0199815573985929,0.0196849019586575,1.8034650642026877,1.6598334314514394,True,False,False,205,1056,0.9903339276635256,0.15381801177967291
fog,0.0031239738102484,-0.0530922981190258,0.0039842621478967,0.0066368217067187,1.801007493568162,3.3361314117786605,True,False,False,206,245,0.8015429841545968,0.4365430881239629
quicker,0.0065073430350587,-0.031532575404988,0.0095425668551541,0.0088241685970675,1.800011429874607,1.772852874219125,False,False,False,207,461,0.9871381307024714,0.17909835918242858
hatch,0.0025846195942712,-0.0030874024767806,0.0045567825700014,0.0054939372682223,1.7987762554179796,2.1821480859605327,True,False,False,208,249,0.9129557031776158,0.2254090256774516
luckily,0.0048207851189987,-0.0528190944757784,0.006143057435688,0.0039755315582549,1.7962656724233232,1.2919903870905445,True,False,False,209,217,0.9867300997328173,0.17472668618361456
tiered,0.0028332399174112,-0.0341825606244305,0.0040738680973394,0.0079113314993678,1.7956349297123877,3.733801785829329,True,False,False,210,266,0.8266182130926216,0.281676756172641
baes,0.0026039488675366,-0.0322760950942355,0.0037887405072432,0.0047318822963489,1.7946305408973564,2.3908304927772077,False,False,False,211,236,0.7047020900574715,0.4377328895728845
methodological,0.005278344405482,0.0264934775885712,0.0112493438148149,0.0475289214553581,1.7940752463058307,7.188850973662976,True,False,False,212,1251,0.9372853135634135,0.29614750507309817
cations,0.0021695086580133,-0.0331494411212045,0.0031338629098148,0.0035400998628007,1.791829294678797,2.162844966263084,False,False,False,213,168,0.7848649812992118,0.3540548559329007
qing,0.0021666856675339,0.0056685275314726,0.0040261203081322,0.0057376351662269,1.790973134676316,2.52354836296533,False,False,False,214,306,0.8863730524303737,0.27643199141728014
outweigh,0.002007769973384,-0.020041626631635,0.0031556980866974,0.0043712316365671,1.7904297378611724,2.5815086978138773,True,False,False,215,176,0.9333431485736817,0.2736211062455806
reviewers,0.0021324090898117,0.012632856528749,0.0041429980150469,0.0021908090344791,1.789710272612878,0.922783390914082,False,False,False,216,660,0.8824993398908025,0.3186797219107301
examining,0.0677788430304038,-0.0161598194738584,0.1091981210808901,0.1387330338489232,1.7895292330639403,2.348225262888103,True,False,False,217,6310,0.9910761418926237,0.1594729499625335
alfaro,0.0025812274022349,-0.0420370852642344,0.0035104086428836,0.0055426372439605,1.7873042592691415,3.0695182453445025,False,False,False,218,253,0.9465166623600304,0.20790843721370372
incorporating,0.0549907090249278,0.0368206832409255,0.1247624172597629,0.2653742482627925,1.7858823049903771,3.528952326706638,False,False,False,219,9985,0.98665135450244,0.18333260918309785
valdivia,0.0021976595343876,-0.0415541419299443,0.002994696977635,0.0016691878357936,1.7852385126562595,1.0812896429540813,False,False,False,220,148,0.8503379811447632,0.2695935979196019
northeastern,0.0044027100773491,-0.0456547071750339,0.0058416201038238,0.0087652802082519,1.7852232760914668,2.934811480957157,True,False,False,221,409,0.9403266794923693,0.2715626773324362
fernando,0.0030127380804982,-0.0519311474181634,0.0038369413448329,0.0050312044583524,1.784929031317002,2.596656969855792,True,False,False,222,261,0.9598191009681573,0.1899575343933883
nojiri,0.0028842522567044,-0.046045663709008,0.0038142000711854,0.0072128471149218,1.7838288504545892,3.6987177880018343,False,False,False,223,354,0.24263045742419356,0.8731724235791343
choudhury,0.0036466042914369,-0.0188625156659132,0.0057542793962933,0.0107348122412167,1.7838140010214791,3.455706493012475,False,False,False,224,525,0.8421731172664695,0.3499257338477366
nonexistent,0.0023575648959243,-0.0366993862207912,0.0033039249865261,0.0032792892634579,1.7789581775118282,1.9001678630477965,True,False,False,225,144,0.9878358221911414,0.1612938185077196
feo,0.0022944614553731,-0.0358971067811101,0.0032270932463171,0.0038110988752209,1.7760909367587372,2.2536357881261475,False,False,False,226,176,0.44199756930265455,0.7861817470509016
adjustments,0.0171068543114598,-0.0084555238832835,0.028743307981755,0.0401805588649267,1.7751530763677614,2.5238259926778266,False,False,False,227,1787,0.967278879626434,0.21099140877931177
tod,0.0021266612299406,-0.0505760695400323,0.0027150059681281,0.0015127014761879,1.7735538374254425,1.0933435173213426,True,False,False,228,135,0.7798891083292281,0.3548317513917092
fabrizio,0.0020691671782159,-0.0194686364225935,0.0032334359236713,0.0031545881975659,1.7734827436928409,1.7989356354322985,False,False,False,229,195,0.9415665149532814,0.20114800194198537
levan,0.0042105862021815,-0.0309697454547718,0.0061053655654199,0.0056345309809712,1.773348296413893,1.7411657650053944,False,False,False,230,343,0.6069465531962631,0.6179889978583253
acf,0.0036532260712255,-0.0227024443435692,0.0055846703679644,0.0058918794361835,1.7717728681146303,1.95606574041309,False,False,False,231,316,0.9052083330937277,0.3057769027193165
dos,0.0064824437223346,-0.0324000120906322,0.0093010207642977,0.0080645537341568,1.7711457887148023,1.638499562680959,True,False,False,232,499,0.9585924912715976,0.25577450902560683
resting,0.0020943642490565,-0.0519361322651334,0.002646329098803,0.0007302696781597,1.7709360478593803,0.5421924249761368,True,False,False,233,103,0.9036546264948351,0.24663816104832106
mancini,0.0040953162283789,-0.0541155034071049,0.0051016670407771,0.0057932594302258,1.7708757386644278,2.2407999353209638,False,False,False,234,328,0.8867375199938723,0.27432845766874636
estec,0.0022041031101668,-0.0244430533940725,0.0033253071150263,0.0018256741953993,1.7684813941837714,1.0195839188810345,False,False,False,235,168,0.9316652576930184,0.22360686320997702
superiority,0.0022783058774857,0.0041916981252438,0.0041389205796049,0.0046196117331834,1.7678371599547198,1.956679876757758,True,False,False,236,234,0.8103535120665217,0.4314632383012393
skewing,0.0021861971471891,-0.0178963587448957,0.003438107386499,0.0047703938590097,1.7666478864480308,2.5405595419778915,False,False,False,237,198,0.9393855836076138,0.2561607524202602
incorporates,0.0394638772262782,0.0160788484107934,0.0773753072194578,0.1453786258949243,1.7660924203334576,3.213258681569873,False,False,False,238,5707,0.9858608110066204,0.18917992338964953
arf,0.0042610209303641,-0.030382924799982,0.0061754015798922,0.0076380903972986,1.7657122290510192,2.3207576326272936,False,False,False,239,337,0.7603871733722445,0.4716500389750409
bernardo,0.0023045842357723,-0.0136106505848104,0.0037214227830655,0.0039392620852432,1.7641606189867785,1.9189605562473653,False,False,False,240,238,0.9410081671905336,0.22238687866336196
megaparsecs,0.0027459376615974,-0.0475531893939198,0.0035549850934137,0.0060483657957892,1.7635414866891652,3.299819016378851,False,False,False,241,265,0.8116053946273739,0.26124378605907367
deepens,0.0020816862146453,-0.0219554203001106,0.0031816106990221,0.0074316840074734,1.762828399366133,4.30249595916101,False,False,False,242,254,0.9403815186439803,0.2793818372568046
distorting,0.0045659237622733,-0.0593202685935523,0.0054718700964917,0.0089670043994653,1.7622322602418894,3.25161922226464,False,False,False,243,342,0.9540752239404694,0.2583653028289076
bei,0.0093482781033435,-0.0506886390276061,0.0118486829460092,0.0083027454176957,1.7620901770662585,1.366492856507829,False,False,False,244,553,0.9563714428813003,0.227972726779736
backends,0.0025545091383964,-0.0476680379283036,0.0033016597446139,0.0048973370145507,1.7619258686042278,2.8748768145070414,False,False,False,245,165,0.8796960102248209,0.28129333618284724
categorize,0.0052959943278269,0.0555228908777784,0.0133814092480421,0.0140935647389588,1.761237762135662,1.6600089130203208,True,False,False,246,771,0.9716443013798999,0.20820416662464195
tran,0.0052756244992448,-0.0515498930135118,0.0066456306978458,0.0071256355765229,1.7610968841546508,2.0933715660387446,True,False,False,247,413,0.9827656842957029,0.1681609101055639
estudios,0.0032097057224971,-0.0254256266891811,0.0047901737899738,0.0046163476083668,1.7605988526638037,1.7852213276548383,False,False,False,248,372,0.9234796779073151,0.2673838649986953
ping,0.0030720112669455,-0.0116785313697839,0.0050084367042748,0.0072185513487012,1.7589231977082636,2.595007280723584,True,False,False,249,356,0.9657204759920107,0.2410416143433256
insights,0.0725075377788372,0.0558998440469015,0.1832566314743071,0.2549821180255665,1.7574220942336265,2.1866139747653563,False,True,False,250,12519,0.9954746121410929,0.1476814812645423
posits,0.0047609204758039,0.0423876643730072,0.011018848594188,0.0168738517195352,1.7570679278684531,2.472003645237312,False,False,False,251,765,0.9535504914175499,0.2506695040612254
solitary,0.0029563940613694,-0.0599859458096104,0.0035158452234729,0.0027112101786833,1.7563157705098231,1.5270004666034722,True,False,False,252,146,0.9588708851644523,0.19361173368591791
hinge,0.0021899902287688,-0.0161874335084124,0.003461301708529,0.0030604523709063,1.7558726510316127,1.6036124113246593,True,False,False,253,164,0.9711225185579798,0.18119448346401618
reyes,0.0048820896119468,-0.0470912222114804,0.0063113961733949,0.0078343083740464,1.7557156168254822,2.3945963054510457,False,False,False,254,426,0.9392424504633785,0.2589574028787301
brook,0.008705247258196,-0.0566157821424519,0.0105720891375961,0.007984068464705,1.7546932145911278,1.4840224689715906,True,False,False,255,516,0.9366923712247818,0.21467087783863292
permissible,0.0052519790054381,0.008003370803064,0.0097044740609814,0.007417011415098,1.7541074522933673,1.3193544856734838,True,False,False,256,448,0.9298775077455202,0.2517431460156717
seeming,0.003127537208586,-0.0483974066478153,0.0040033790344847,0.0015387825361222,1.753258481176878,0.742393122665831,True,False,False,257,167,0.975760977399454,0.20093324443691632
debates,0.0039524253712721,-0.0336583192421658,0.0055669126265237,0.0057296888427985,1.752932817201773,1.9298215376632004,False,False,False,258,303,0.9546291115566191,0.22965735745653962
grounded,0.0045300354854012,0.0395291490903209,0.0102602316929357,0.0269042773232127,1.7517340440885143,4.244218662282761,True,False,False,259,850,0.9747582162410209,0.2054214019052624
huntsville,0.0030658710481148,-0.0534524021121923,0.0037932709910676,0.0022429711543477,1.7512636236727004,1.1523635478446212,False,False,False,260,185,0.9660917436930335,0.1965697977472397
ccf,0.0086845697005445,-0.0267637467776667,0.0127787210691201,0.0141263720678401,1.751018943328493,2.042117794928651,False,False,False,261,639,0.8488088259048882,0.34230470297523313
vulcani,0.00235131256054,-0.0211380318897561,0.0035872403830926,0.0036784514859005,1.750334145572261,1.8723445847728888,False,False,False,262,167,0.5374209187610529,0.6313605270685023
dropouts,0.0029859353278198,-0.0435193053618958,0.0039365143586894,0.0041161252710038,1.749374150437068,1.995537240955215,False,False,False,263,180,0.8583126045601366,0.28915757408573883
yue,0.0046909830987198,0.0329102373380395,0.0101478844698454,0.019036337604431,1.7466620002119655,3.067829978761162,False,False,False,264,877,0.9214425308672396,0.22694330273799365
brussels,0.0065478932860635,-0.0441532708027308,0.0085829028781336,0.0100909300856019,1.746519735248729,2.242960059605136,True,False,False,265,551,0.9184263467885274,0.2437691779028508
halving,0.0027131945491175,-0.0524164014351233,0.0033676183236442,0.005370258237498,1.7450542323616376,3.0903633327710827,False,False,False,266,219,0.9380673059691501,0.24611768286403188
osorio,0.0032564791619697,-0.0184664339740952,0.0050366145585116,0.0048282602126576,1.7438919399905333,1.7346476115867189,False,False,False,267,252,0.9234027234514276,0.2628428818425078
krawczynski,0.0021360437101736,-0.0088581243238426,0.0035153921750905,0.0020343226748735,1.7432889227315551,1.0268558880645626,False,False,False,268,165,0.49448651897709506,0.7108260139520265
oke,0.0104458084904014,-0.0437780646352713,0.0136941727894674,0.0128860876778674,1.7425107311161672,1.7897232655692878,False,False,False,269,725,0.7944058908442437,0.41138845342576075
faintly,0.0020992341549952,-0.0157875242788003,0.0033003005994665,0.003258912437303,1.7420452827223314,1.775380733695452,True,False,False,270,163,0.9010655907092578,0.2955382053374209
facilitated,0.0133950289878315,0.0184098458954376,0.0262979371041947,0.0273083197635807,1.741841407145147,1.7433770260245425,False,False,False,271,1573,0.9858323113135588,0.17844884883632223
tar,0.0021383123680392,-0.0457759511991752,0.0027650189992475,0.0014605393563194,1.7411995708595165,1.007915634265377,True,False,False,272,130,0.9055220403199531,0.223021189495595
jeong,0.0049055508982582,-0.0287860475196345,0.0070826095748302,0.0101396300613401,1.7408688581628189,2.639964626435484,False,False,False,273,506,0.9655782540542504,0.1829394698134681
replicates,0.0028966474410999,0.0251059580020781,0.0059334912951788,0.0075496588044184,1.739973791214284,2.1054889370624643,False,False,False,274,368,0.9587297470705212,0.22074001997052195
pritchard,0.0040151022501966,-0.0461713953698948,0.0051739682971616,0.0041116410917057,1.7396626449058696,1.516213771828201,False,False,False,275,280,0.8585202334696155,0.28993844307100125
rhodes,0.0049405758326854,-0.0405717153596211,0.0066006011989331,0.0091984698140571,1.7391474045288913,2.628503930173925,True,False,False,276,462,0.9086814279663654,0.2388464438384976
seidel,0.0026383255567442,-0.0218047010255832,0.00397746642216,0.0074873082714724,1.7371244631727396,3.415776540451801,True,False,False,277,323,0.9156975886095607,0.22540347177559653
influencing,0.0156344485561382,0.0425587064163047,0.0357961052178694,0.0588154921572662,1.736255499486128,2.620013753724308,False,False,False,278,2622,0.9794466604455742,0.16726566924249522
jerk,0.0029837511709264,0.0068333583904991,0.0054118011464331,0.0049211759848359,1.7349591108828228,1.5562556096623734,True,False,False,279,218,0.6855392556348762,0.5489441334426658
accessed,0.0160746295397881,0.033543989462906,0.034673450229206,0.047003212116002,1.7344599820096458,2.1986637901149773,False,False,False,280,2664,0.9640012932229806,0.1949369653072062
cuesta,0.0021955405158542,-0.0561686743621878,0.0026431577601259,0.0016691878357936,1.734366890329264,1.2254923105762652,True,False,False,281,183,0.8674974563414822,0.29866729350457466
penultimate,0.0025767708413452,-0.0370309252119261,0.0035122208364134,0.0034176408865577,1.7339682450482667,1.8169810770560584,True,False,False,282,164,0.9750453171264772,0.1793219069527986
walmsley,0.0025289811358776,-0.0139317256001969,0.0040029259861022,0.003129727192113,1.732846267819499,1.3931244087452974,False,False,False,283,224,0.702985627147419,0.49583808768059295
mayall,0.0033579203415236,-0.0017548109856995,0.0057515611059986,0.0087958454474842,1.7324831906862892,2.658796452059283,False,False,False,284,521,0.7965111304087921,0.339900457823348
ceiling,0.0027294631863372,-0.0036421347713994,0.0046096027459409,0.0103888341738103,1.7292894511161463,3.925857438279506,True,False,False,285,300,0.9593578553154156,0.228430656117431
formidable,0.0071301425785825,-0.0580454333976834,0.0084506215262158,0.0075076850976272,1.7284137457595266,1.72457756089566,True,False,False,286,412,0.9557520845664539,0.20460287002449254
turku,0.0036650730538406,-0.0446465170687388,0.0047382597107991,0.0029732408325074,1.7281025447406864,1.1856601100757505,False,False,False,287,297,0.844644628948902,0.3654553589608265
elucidate,0.0189841606747023,0.0064001200897528,0.0341956081432763,0.0282119904833706,1.7278734894666266,1.4073958452471038,True,True,False,288,1752,0.9865689473766941,0.16303900632888632
preparations,0.0023260884896856,-0.0439410373323669,0.0030197034931947,0.0013040529967137,1.7273480115905977,0.8144744865989477,False,False,False,289,141,0.8679189422618055,0.38313771762044563
yin,0.0034258703322536,0.046343331390578,0.0079958849077907,0.0153884513577628,1.7269205918926902,3.0293359842758423,True,False,False,290,790,0.9143753455535192,0.28385061209621204
calzetti,0.0164011786665441,-0.0393772732478238,0.0219206417724105,0.0205830664639817,1.7263818694767916,1.753865732827698,False,False,False,291,1084,0.5737391402302849,0.6577277206780073
levy,0.0061069255474795,-0.0521591889983753,0.007508351096779,0.0063578763708701,1.7256903033996045,1.6219417803441587,True,False,False,292,341,0.9537065932460544,0.2294785482256887
customized,0.007333985521444,-0.0012891856017534,0.0125399821230837,0.0155188566574342,1.7242337011148592,2.1393345552756498,False,False,False,293,716,0.9188332580753473,0.2482240472243089
tosi,0.0027673163986303,-0.0483741121589324,0.0034840429821765,0.0080725000575852,1.7241722556582473,4.400706704530684,False,False,False,294,339,0.9224988852626506,0.23131707692377246
domingo,0.0029092142988209,-0.0121277449474318,0.0046355153582655,0.0041320179178606,1.724081903735735,1.574548674508038,False,False,False,295,227,0.820095760014515,0.4010938009207117
tearing,0.0044353814828332,-0.055828125507585,0.005308603745517,0.0058476636397434,1.7204709128235245,2.1190495061251204,True,False,False,296,293,0.7327650332149777,0.38097088464910356
furnishes,0.0028081737906662,-0.0211037741496659,0.004210768787607,0.0010954045172395,1.719933104553563,0.4667186907631497,False,False,False,297,165,0.8587715241474113,0.34456982348526394
prism,0.0134860022665753,-0.0228615961604988,0.0199796563505378,0.0268637216902167,1.7188623886618348,2.4192269072379364,True,False,False,298,1129,0.8958418962303811,0.2590238795021476
trieste,0.0106664318200827,-0.0332620021700725,0.0147633768447581,0.0107429565839588,1.7181549191251406,1.3362614602765712,False,False,False,299,780,0.964800668302126,0.2101465616198342
wasn,0.0020029176821329,-0.0445519545158341,0.0025758400359483,0.0010171613374367,1.7179959295595897,0.7416353489063092,False,False,False,300,110,0.942842481633648,0.28037701039934576
bends,0.0074617503167179,-0.0503919398493275,0.0092378693300874,0.0104297858454338,1.71784201816121,2.145145133429421,False,False,False,301,481,0.9700867729306967,0.19738730778231084
rectify,0.0029288149728121,-0.0095623644009117,0.0047264804528556,0.0033393977067549,1.7172742728830903,1.2367323079373107,True,False,False,302,202,0.9517563308520246,0.2335478963460738
tre,0.0039540423791736,0.0126719514450607,0.0073724453578016,0.0326080831253906,1.7171111639049164,7.404664772318185,False,False,False,303,1031,0.6495296134054154,0.6263471014312805
conveys,0.0022781097011645,-0.0144253156623415,0.0035586094804733,0.0035140188028664,1.7156438009929165,1.743735241804654,False,False,False,304,169,0.9749585089385875,0.22021500214153925
worsening,0.00320302336434,-0.0003053559414645,0.0054809310641405,0.0065483901138384,1.7145739725396063,2.049753609983349,True,False,False,305,276,0.9324338999560405,0.21276384296585607
looser,0.0047887759587599,0.0100155134701051,0.0087553190512825,0.0109593533675477,1.7130676863487349,2.101784147705739,True,False,False,306,469,0.8995538152395018,0.33231689289030186
beatty,0.0024552920174178,-0.0231173250949801,0.0036154182373294,0.003886077930207,1.71125061123218,1.926398053986612,False,False,False,307,227,0.7267197239420016,0.46072102302669093
capozziello,0.0033651280264125,-0.0213169582594774,0.0050116080429519,0.0088105180398597,1.7106117414652444,3.138278420747588,False,False,False,308,465,0.43308975441244174,0.7553759491883612
bernardini,0.0037390689251252,-0.0512624340825412,0.0045831482307085,0.0058069099874336,1.710448026855153,2.401137648714053,False,False,False,309,261,0.705635230013504,0.417918750608364
bypassing,0.0028781741458691,0.0246390741912451,0.0057770206699408,0.0098741372633856,1.7101447166446264,2.7824468282511416,False,False,False,310,377,0.9141156638032055,0.2662075459524245
photoelectron,0.0039013292209377,-0.0596882610071143,0.0045236211835577,0.0054246624470156,1.709103895602091,2.3094019002169346,True,False,False,311,222,0.7346988043963799,0.5210824656584624
wolter,0.0020520662310096,-0.0448331667640118,0.0026190573413311,0.0035820735695918,1.7081020477446578,2.5553176901786494,True,False,False,312,190,0.8063892940514057,0.33942057905902384
lake,0.0125538326363589,-0.0033956866828451,0.0209590767473349,0.0188743450303597,1.7067957210031988,1.5475003049736296,True,False,False,313,1025,0.9592450534688599,0.2163251178103977
readouts,0.0030109209877609,-0.043620480237464,0.0038678374893644,0.0036546125156152,1.7057120977239673,1.7586001913319929,False,False,False,314,166,0.523803029201928,0.7279610861262586
cavalieri,0.0022293149422587,-0.0343939406297209,0.00304017952493,0.0021125658546763,1.7053712765304965,1.269416582968056,False,False,False,315,169,0.7708677009424187,0.46675424440325586
elucidated,0.0062807641549035,0.0092340847030018,0.0113648623765823,0.0082640358357212,1.7040591554757127,1.2164438125754065,False,False,False,316,531,0.969359172873093,0.17715776226125252
exemplifies,0.0031070485110811,-0.004452793524692,0.0051408069107179,0.0085191422012846,1.7031508347958475,2.8476416382416008,False,False,False,317,351,0.9931598007108411,0.1548386929357259
noordwijk,0.0024766210626495,-0.0302305067051087,0.003465379143971,0.0021908090344791,1.7030575337474283,1.1437759756639536,False,False,False,318,172,0.9337842616320435,0.209564889899827
acciari,0.0026039745078318,0.0076829485900567,0.0046596157770604,0.0023994575139533,1.7022567878512604,0.8632065113964609,False,False,False,319,222,0.6466358260347369,0.5437092851660459
eigenfrequency,0.0031063971508484,-0.0463084700831308,0.0039092426012175,0.0051740402607502,1.7004367339602495,2.468997699358767,False,False,False,320,205,0.838757375171184,0.2869473538543907
anhui,0.0034439432687365,0.019602776257018,0.0066511561329604,0.0056866931008397,1.7002163956654357,1.3977840898407912,False,False,False,321,401,0.9367640450234457,0.21960219370180026
farrell,0.0028765560206726,-0.0590904543277206,0.0033271193085561,0.0021386469146106,1.6982546680108792,1.2285670073512929,False,False,False,322,174,0.8884142209825167,0.2945562815513144
excessively,0.0071010073439219,0.0087437541978533,0.0127610521822048,0.0244540757631859,1.6977887655600186,3.197081415009732,True,False,False,323,914,0.9794345154629525,0.20200733389263104
commence,0.0041993936770037,-0.0008124123536193,0.0070899472034747,0.0045289380506541,1.6972654921389787,1.0859474577162975,True,False,False,324,315,0.9758637350492558,0.1908238204729858
scuola,0.0028252191138801,0.0442442463351529,0.0063855096233092,0.0036252673308643,1.6952967119404394,0.8809679913881723,False,False,False,325,326,0.8397659994632719,0.32433308977227215
pertains,0.0064059524572443,0.0230951182287654,0.0126168138632927,0.0095385456283704,1.6950029138869849,1.2236092457785714,False,False,False,326,535,0.9869854464266129,0.19086987450161766
refining,0.0100150593228711,0.0390058614386807,0.0218612035797851,0.047815187118095,1.6939880602113755,3.4270628981820628,True,False,False,327,1896,0.9829884880853939,0.2038583138477193
pandey,0.0049125184014049,0.0244413479775504,0.0097517688018062,0.0103323858939574,1.693492897432887,1.7087208387987192,False,False,False,328,642,0.9285014518503026,0.21161248662730767
resonators,0.0025439559333309,-0.0313354903237639,0.0035126738847958,0.0040458284146293,1.6927220295680157,2.0757399103663747,False,False,False,329,193,0.47105342366852904,0.7520200357461588
brillouin,0.002979650034272,-0.0120096308585804,0.0046632401641199,0.0038972883784521,1.692094762516353,1.4485412717543695,False,False,False,330,203,0.8706703736119871,0.2657429657845549
substantiate,0.0025139793821919,0.013440310462107,0.0046404988904724,0.0034856956532831,1.6914615082859326,1.236837959388345,True,False,False,331,197,0.9963766719984462,0.14771952812101954
delineated,0.0091078329119762,-0.009331709650845,0.0144982722380147,0.0125967559096277,1.6913902031906844,1.4972409421849044,False,False,False,332,695,0.9894007694218804,0.17151569056746488
transitioned,0.004575312676425,0.0276689943187817,0.0092633288940296,0.0146400469430972,1.6913718949979644,2.5291903261974995,False,False,False,333,597,0.9804252819823588,0.21590613315843551
valtonen,0.0029952454307815,-0.0313833646461471,0.0041265994187536,0.0039904021699441,1.689477615108956,1.7395464959403102,False,False,False,334,247,0.8604763183693371,0.3216583719667365
judiciously,0.0020252885893856,-0.0367726389288244,0.0026940768880103,0.0007041886182254,1.6893867063154324,0.4752787486154606,True,False,False,335,92,0.9326952244991615,0.23001547268812958
invite,0.0026271086874136,-0.0278109846469898,0.0037023058964775,0.0039959083844098,1.6885047229170735,1.9266455237897264,True,False,False,336,176,0.9558019550578439,0.2203694492267014
hinders,0.0056525584666714,0.02795130668167,0.011440334971644,0.0138292919954857,1.6876778051134171,1.9291790998379923,False,False,False,337,644,0.9850419705221806,0.17110992717531937
weisberg,0.0028367014989141,-0.0384579193695538,0.0037245941217426,0.0014866204162537,1.685888000179791,0.7266980303604365,False,False,False,338,152,0.81813156230943,0.41496719949845545
claude,0.0027172874442782,-0.0368157395507015,0.0036018267858561,0.0060369573282304,1.6838946336575282,3.0380011965049816,True,False,False,339,279,0.9283797217378826,0.24647278762456556
appearances,0.0056028086346541,-0.0479472823025976,0.006907563965912,0.0058941215258325,1.6837212256990817,1.581287499526829,False,False,False,340,312,0.9841555338372917,0.18624677636578874
ecole,0.0071023150614622,-0.052448360162719,0.00850335284763,0.0028949976527046,1.6836332104010978,0.6365925708178541,True,False,False,341,447,0.9568257925159698,0.24194941551138274
overlaying,0.0035855703319908,-0.0453714384261215,0.0044945372325559,0.0076981988405956,1.6834739924057938,3.1573278775284805,False,False,False,342,295,0.9568954866078503,0.2176444583218938
tabs,0.0023369236044155,-0.0065026686974268,0.0037696236206552,0.0027112101786833,1.6827126135867818,1.2260926604130569,False,False,False,343,152,0.9269144466124424,0.2830021888690665
spines,0.0020472325577319,-0.0535721053461482,0.0024303314264142,0.0041161252710038,1.6816196611353225,3.1701732481330165,False,False,False,344,162,0.8313703074791222,0.28283493609563354
madden,0.002417997812945,-0.0309018788461498,0.0033225888247316,0.0034856956532831,1.679786346038938,1.8745971075301164,True,False,False,345,185,0.6147647769838621,0.6025519624339578
accommodates,0.0055073256253317,-0.0037749831981561,0.0090245899479932,0.0162546325500596,1.679357569150712,3.0476968293884714,False,False,False,346,611,0.9252023079322673,0.2669033768841851
utilize,0.0482534858587326,0.0574011749957578,0.1176703024446569,0.133284730450936,1.6791890328480752,1.6957237009994912,True,False,False,347,6585,0.9851673098937451,0.19265058023693593
stood,0.0024748223258209,-0.028998967145287,0.0034403726284112,0.0034074524734803,1.6785065979298368,1.7617146217429545,True,False,False,348,182,0.9785236303325728,0.17353495614332246
cook,0.0075403560324781,-0.0293033343165135,0.0104589246722663,0.0121488937114469,1.678092820296719,2.066894118589214,True,False,False,349,648,0.9917670425403133,0.14896349218778618
proportions,0.010574873547228,-0.0394071904896967,0.013735124852938,0.0183989836984496,1.678033178788075,2.4321503441166143,False,False,False,350,764,0.9211216935056246,0.2974470834269628
oschin,0.0022874955273285,-0.0179076848067242,0.0034162722096164,0.0040356400015519,1.6778149934273496,2.054274326164143,False,False,False,351,362,0.9086131339070608,0.2367170313067387
comprehensive,0.102177116174749,0.0224771839616794,0.1982853882651403,0.291196343648747,1.6768179358287123,2.354277663770171,True,True,False,352,12608,0.996560056166751,0.15875148159633784
freq,0.0038733086303769,-0.0525351707774551,0.0046159454232951,0.0007041886182254,1.6767983494138288,0.2841454089454384,False,False,False,353,128,0.9617632540023264,0.22039036262941453
europe,0.0083289363415235,0.0005538387207338,0.0140030366045014,0.020012745289558,1.6752099434571168,2.391512349422684,False,False,False,354,2325,0.9758222398318759,0.19164176043372547
suboptimal,0.0035550517763961,0.0241601931012303,0.0069658207224409,0.014426914284325,1.674650610603824,3.3047612799059327,True,False,False,355,555,0.817534364440907,0.44425521114698246
sta,0.0028701795799045,-0.041538156234644,0.003667332316504,0.0053339887644863,1.6737856626549568,2.645338536266744,False,False,False,356,270,0.9260048997823259,0.23731546755477992
rights,0.0020763192391124,-0.001059782774139,0.0034513346441152,0.004424613810917,1.6737269862014394,2.1502721689034923,False,False,False,357,332,0.9420396496053964,0.2373606014218224
outlines,0.0177034532257833,0.0193180658049588,0.0335816826093185,0.0807293186744362,1.673058874054258,3.869551219709333,False,False,False,358,2819,0.9841234866605122,0.18706273418417102
finest,0.0070394897071816,-0.0554977542891811,0.0082100703866497,0.0085429811715698,1.6729042984672982,1.9450841849758072,False,False,False,359,431,0.8493466918267705,0.4276069585497908
withstand,0.0033069870320671,-0.0116163966915387,0.0051298448950139,0.0048906107456036,1.6728763158216775,1.6323473187876318,True,False,False,360,243,0.8651383586772482,0.3139191846088188
cyclically,0.0023568967882278,-0.0597600486331241,0.0026731478078926,0.0015648635960565,1.6725530221417797,1.1034186687157654,True,False,False,361,128,0.9342282242011027,0.23192679138043812
distinctions,0.0060304482384943,0.0433853581276813,0.0133704472323381,0.0191235491428299,1.672334693958841,2.1931165803089976,False,False,False,362,824,0.9729689116399234,0.1857471823286649
grav,0.0052212402127835,-0.034719768589829,0.0069662737708233,0.0072935304036874,1.672005836996416,1.8764295204073556,False,False,False,363,992,0.848975048044892,0.3700362450565489
commander,0.0025840604091582,-0.0244996929696597,0.0036705036551811,0.0078569272898503,1.665649152605587,3.744473525333017,True,False,False,364,290,0.49392503779949903,0.6181215920536093
atop,0.0047167398793051,-0.020895809042334,0.0068566448380277,0.0084170600511965,1.6651631935738025,2.1313532873797665,True,False,False,365,362,0.9303816582192838,0.285685007434264
delineating,0.0030889939183745,0.0112308922226678,0.0055314859981678,0.0063034721613525,1.6646422751984675,1.854829149780719,False,False,False,366,334,0.9891363763693759,0.16909757491776994
establishes,0.0225180469925592,-0.0145247328645803,0.0340944982752217,0.0592786529443625,1.6640089445621085,2.978418366730011,False,False,False,367,2226,0.9736341291318003,0.21372811017484358
effectiveness,0.0270841352602239,0.0286295705759184,0.0542812690395502,0.0760430702483224,1.6638577695963026,2.201195015934153,True,False,False,368,3442,0.9032194894215669,0.33915882911269923
disregard,0.0105261591325412,-0.034014670358919,0.0140398223780047,0.011459377685597,1.6638423558648228,1.4536383199075478,True,False,False,369,608,0.9801238214481384,0.21568901709425936
enriches,0.0023998972624355,0.0147877546155684,0.0043949642186994,0.0056752846332809,1.6634820994090245,2.085479645093019,False,False,False,370,268,0.9659349496850305,0.20886064544272379
dither,0.0105974255816664,-0.0371759547606941,0.0138414935925312,0.0181858510396774,1.663133488828907,2.3537937539046307,True,False,False,371,749,0.8475707489846661,0.28712280226465664
posit,0.0074311171624445,-0.0056480286010226,0.0119078457993029,0.0108368943913047,1.66235201138243,1.5300317656344793,True,False,False,372,587,0.9771498294935343,0.1845530178467832
brera,0.0054606254650418,-0.0437727031928045,0.0068289200321733,0.0058160763653434,1.6621729849137965,1.5451647056526232,False,False,False,373,413,0.9048051297948296,0.2527969895929416
investigates,0.0092653785610867,0.0339486697013949,0.0191902321592794,0.0324878662387967,1.6610506712706308,2.627461740536152,False,False,False,374,1574,0.995298318906641,0.1442912239769415
halved,0.0040991257056133,-0.0362917315412706,0.0053777336632245,0.0071788197315591,1.660949754152797,2.384146017836357,True,False,False,375,299,0.9265196027261989,0.27767458353511415
amati,0.0027988673837509,-0.0127004157071207,0.0042798987053145,0.0054383130042234,1.660746524586558,2.1645394360848527,True,False,False,376,270,0.6555911502058235,0.4799133230058123
sarkar,0.0051616496597964,0.0228442648446622,0.0099436660554001,0.0140244879370658,1.6606213170523274,2.2375297315578697,True,False,False,377,759,0.9606512518988898,0.1933182464611559
lansing,0.0038428375275088,-0.0383392800963623,0.0049729212213935,0.0047206718481039,1.660305673029052,1.7016935785077534,False,False,False,378,286,0.9225898972245408,0.2671773166047859
toas,0.0036126515775958,0.0047102329827675,0.0061785729185693,0.0083785484885358,1.658691103264702,2.2282035904091155,False,False,False,379,349,0.6274947936945301,0.4802811883794612
burlaga,0.0021134219804225,-0.0433399970578526,0.0026445169052733,0.0011214855771738,1.6584608268869816,0.7670032534129381,False,False,False,380,113,0.646600214359778,0.5626657782704132
exceeding,0.064463495591997,-0.013898737618501,0.0976684467233794,0.2157967595174118,1.6583468568071134,3.767370215778608,True,False,False,381,7688,0.9915533751684447,0.15181571311452938
boyd,0.0022948833886133,-0.0453660111620749,0.0028336958685725,0.0013562151165823,1.6582765856530952,0.8690339220058727,True,False,False,382,141,0.9137156895523325,0.2660162699428567
rec,0.0026094395269043,-0.0232282507191384,0.0037168922992411,0.0033133166468206,1.6565482794011628,1.546902229152911,False,False,False,383,184,0.9704729702542926,0.18332970952200653
maldonado,0.0020763860556572,-0.0174892334825676,0.0030697165243142,0.0014344582963851,1.6563830312826815,0.8015698668783098,False,False,False,384,138,0.7980874092656706,0.41060008777281454
koekemoer,0.0079921902676476,-0.0497447743402995,0.0095766343383627,0.0100579247374069,1.6556644249113628,1.920770847288073,False,False,False,385,495,0.6525665455489301,0.49899280527564005
accentuated,0.0022290709313076,-0.0393014481621616,0.0028582493357498,0.0011997287569766,1.6554681752431462,0.7516931592902469,False,False,False,386,124,0.9844735980640056,0.16217638397328105
rocha,0.0052115639342389,-0.0567131854406619,0.0059643874397103,0.0077719578411004,1.654604608744651,2.415011848369372,False,False,False,387,415,0.9840068911397484,0.1752957594775098
mea,0.002458569324585,-0.0571064782938709,0.0028055180143357,0.0029732408325074,1.654006788333679,1.9649720226893483,False,False,False,388,189,0.9759211169093222,0.19331730208672987
conversely,0.0799369645117695,0.0057256441840264,0.137210350482441,0.2039702029223997,1.6537742262206845,2.430428460554227,True,False,False,389,8371,0.9925205023809565,0.1454258353841951
comptonizing,0.0026287039192653,-0.0466761971845298,0.003208882456494,0.0050334465480014,1.653388958030697,2.8472730326905764,False,False,False,390,178,0.32351919619802083,0.8332575516544187
bamba,0.0031251590659021,-0.0485836275740103,0.003767358378743,0.0051775024048806,1.6531498313630586,2.503772088615388,False,False,False,391,280,0.7330871052885055,0.45267576759655703
harris,0.0292745216670557,-0.0152583565157522,0.0438235258033804,0.0311856273545055,1.6530673122667636,1.212804913534698,True,False,False,392,3614,0.9619147568280048,0.20069051644495764
triply,0.0024111508251337,0.0035101514545077,0.0040756802908692,0.004674015942701,1.652216197216115,1.8815166970715,True,False,False,393,204,0.9191156462856648,0.2801262448106646
eigenbasis,0.0020010182457648,-0.0398816976358262,0.0025503804720061,0.0010171613374367,1.6517204034991402,0.7134478044741509,False,False,False,394,110,0.7320885235860606,0.4512872228844045
kravtsov,0.0163025169224702,-0.0596631284647821,0.0182674428102875,0.0152197325147444,1.6513798657643737,1.550240160715935,False,False,False,395,986,0.7657734703700254,0.41083542045281596
mart,0.006842861247085,0.0478159385807963,0.0154170730060899,0.0496265847597462,1.6511400292909515,4.830187274599081,True,False,False,396,2136,0.9753419585933648,0.21582548448123687
ssa,0.00669335706316,-0.0568671531056692,0.0076361019648723,0.0079657357088854,1.6510446399451035,1.9297772018014925,False,False,False,397,337,0.9197155356415501,0.2553457276486363
hastings,0.0074113950787298,-0.0478112168077032,0.0089667862398469,0.0126953759155854,1.6508355457085235,2.571821692500043,True,False,False,398,513,0.8756718183624982,0.32721585951918986
assessing,0.0313974377268232,0.0170048384780508,0.0578885324059957,0.1028326368994069,1.650802556781941,2.8344144329168297,False,False,False,399,4013,0.9783422324436671,0.21330878599398925
predecessors,0.0030139747333024,-0.0196522512220332,0.0043763003804939,0.0043769358703465,1.6498487571173623,1.7162356639184304,False,False,False,400,221,0.9418988347196005,0.23447790541751928
