word,q,freq
leveraging,2015.0,0.00027624309392265195
leveraging,2015.25,0.0
leveraging,2015.5,0.0005357621216180017
leveraging,2015.75,0.0
leveraging,2016.0,0.0002698327037236913
leveraging,2016.25,0.0005367686527106817
leveraging,2016.5,0.0002588661661920787
leveraging,2016.75,0.0012873326467559218
leveraging,2017.0,0.0002767783005812344
leveraging,2017.25,0.0011077263915812794
leveraging,2017.5,0.0013386880856760374
leveraging,2017.75,0.0007180469123982767
leveraging,2018.0,0.001054018445322793
leveraging,2018.25,0.0002503755633450175
leveraging,2018.5,0.0010057832537088258
leveraging,2018.75,0.0009567089213106913
leveraging,2019.0,0.00024108003857280618
leveraging,2019.25,0.0012565971349585323
leveraging,2019.5,0.0006846188954815153
leveraging,2019.75,0.0019545565599804545
leveraging,2020.0,0.0007942811755361397
leveraging,2020.25,0.002068014705882353
leveraging,2020.5,0.0011081560283687944
leveraging,2020.75,0.0015060240963855422
leveraging,2021.0,0.001220703125
leveraging,2021.25,0.002698062300711307
leveraging,2021.5,0.0013676772281741509
leveraging,2021.75,0.0026327336551118913
leveraging,2022.0,0.001720747295968535
leveraging,2022.25,0.003135552339604438
leveraging,2022.5,0.0022461814914645105
leveraging,2022.75,0.002680965147453083
leveraging,2023.0,0.0023441162681669013
leveraging,2023.25,0.0039562485454968585
leveraging,2023.5,0.007018290089323692
leveraging,2023.75,0.007809202195018995
leveraging,2024.0,0.010889292196007259
leveraging,2024.25,0.013047910295616718
leveraging,2024.5,0.012063227953410981
leveraging,2024.75,0.010773751224289911
leveraging,2025.0,0.014598540145985401
leveraging,2025.25,0.014134275618374558
leveraging,2025.5,0.015089163237311385
leveraging,2025.75,0.012477125270337714
offering,2015.0,0.0033149171270718232
offering,2015.25,0.0030278007156619873
offering,2015.5,0.001339405304045004
offering,2015.75,0.0010121457489878543
offering,2016.0,0.0021586616297895305
offering,2016.25,0.0010735373054213634
offering,2016.5,0.0028475278281128655
offering,2016.75,0.0018022657054582905
offering,2017.0,0.0016606698034874066
offering,2017.25,0.002215452783162559
offering,2017.5,0.004016064257028112
offering,2017.75,0.0011967448539971278
offering,2018.0,0.002898550724637681
offering,2018.25,0.00200300450676014
offering,2018.5,0.00352024138798089
offering,2018.75,0.0019134178426213825
offering,2019.0,0.002651880424300868
offering,2019.25,0.0010052777079668257
offering,2019.5,0.004107713372889092
offering,2019.75,0.002443195699975568
offering,2020.0,0.0029123643102991793
offering,2020.25,0.0013786764705882354
offering,2020.5,0.0024379432624113476
offering,2020.75,0.0027969018932874354
offering,2021.0,0.002685546875
offering,2021.25,0.002698062300711307
offering,2021.5,0.0031912468657396852
offering,2021.75,0.002193944712593243
offering,2022.0,0.004178957718780727
offering,2022.25,0.00241196333815726
offering,2022.5,0.0024707996406109615
offering,2022.75,0.002234137622877569
offering,2023.0,0.0039849976558837315
offering,2023.25,0.004887130556202001
offering,2023.5,0.005954912803062527
offering,2023.75,0.006753904601097509
offering,2024.0,0.009074410163339383
offering,2024.25,0.009785932721712538
offering,2024.5,0.011855241264559068
offering,2024.75,0.017433888344760038
offering,2025.0,0.023925385239253853
offering,2025.25,0.028268551236749116
offering,2025.5,0.025891632373113854
offering,2025.75,0.030111462319081683
highlighting,2015.0,0.004143646408839779
highlighting,2015.25,0.0030278007156619873
highlighting,2015.5,0.0016072863648540047
highlighting,2015.75,0.002277327935222672
highlighting,2016.0,0.0024284943335132216
highlighting,2016.25,0.001610305958132045
highlighting,2016.5,0.0018120631633445508
highlighting,2016.75,0.0020597322348094747
highlighting,2017.0,0.00249100470523111
highlighting,2017.25,0.003877042370534478
highlighting,2017.5,0.0018741633199464524
highlighting,2017.75,0.0023934897079942556
highlighting,2018.0,0.002635046113306983
highlighting,2018.25,0.0025037556334501754
highlighting,2018.5,0.002263012320844858
highlighting,2018.75,0.0026309495336044007
highlighting,2019.0,0.0024108003857280617
highlighting,2019.25,0.0035184719778838906
highlighting,2019.5,0.005020538566864446
highlighting,2019.75,0.0031761544099682387
highlighting,2020.0,0.0026476039184537992
highlighting,2020.25,0.0027573529411764708
highlighting,2020.5,0.004432624113475178
highlighting,2020.75,0.0030120481927710845
highlighting,2021.0,0.00341796875
highlighting,2021.25,0.003188619082658818
highlighting,2021.5,0.003419193070435377
highlighting,2021.75,0.006581834137779728
highlighting,2022.0,0.00344149459193707
highlighting,2022.25,0.002653159671972986
highlighting,2022.5,0.005166217430368374
highlighting,2022.75,0.0071492403932082215
highlighting,2023.0,0.007032348804500703
highlighting,2023.25,0.005352571561554573
highlighting,2023.5,0.006592939174819226
highlighting,2023.75,0.006753904601097509
highlighting,2024.0,0.007259528130671506
highlighting,2024.25,0.009785932721712538
highlighting,2024.5,0.01310316139767055
highlighting,2024.75,0.014495592556317336
highlighting,2025.0,0.017437145174371452
highlighting,2025.25,0.018256772673733806
highlighting,2025.5,0.02040466392318244
highlighting,2025.75,0.02096157045416736
underscore,2015.0,0.0
underscore,2015.25,0.0
underscore,2015.5,0.0
underscore,2015.75,0.0
underscore,2016.0,0.0
underscore,2016.25,0.0005367686527106817
underscore,2016.5,0.0005177323323841574
underscore,2016.75,0.0
underscore,2017.0,0.0
underscore,2017.25,0.00027693159789531985
underscore,2017.5,0.000535475234270415
underscore,2017.75,0.00023934897079942556
underscore,2018.0,0.00026350461133069827
underscore,2018.25,0.0002503755633450175
underscore,2018.5,0.00025144581342720644
underscore,2018.75,0.00023917723032767282
underscore,2019.0,0.0
underscore,2019.25,0.00025131942699170643
underscore,2019.5,0.0
underscore,2019.75,0.0002443195699975568
underscore,2020.0,0.0005295207836907599
underscore,2020.25,0.00045955882352941176
underscore,2020.5,0.00022163120567375886
underscore,2020.75,0.0004302925989672978
underscore,2021.0,0.0
underscore,2021.25,0.0
underscore,2021.5,0.0006838386140870754
underscore,2021.75,0.00021939447125932427
underscore,2022.0,0.0
underscore,2022.25,0.000482392667631452
underscore,2022.5,0.00022461814914645105
underscore,2022.75,0.0006702412868632708
underscore,2023.0,0.00023441162681669012
underscore,2023.25,0.0011636025133814289
underscore,2023.5,0.0019140791152700979
underscore,2023.75,0.0016884761502743773
underscore,2024.0,0.0024954627949183303
underscore,2024.25,0.005300713557594291
underscore,2024.5,0.005615640599001664
underscore,2024.75,0.006268364348677767
underscore,2025.0,0.008313057583130576
underscore,2025.25,0.008048684727129957
underscore,2025.5,0.0075445816186556925
underscore,2025.75,0.0054899351189485945
pivotal,2015.0,0.0013812154696132596
pivotal,2015.25,0.0011010184420589045
pivotal,2015.5,0.0
pivotal,2015.75,0.0007591093117408907
pivotal,2016.0,0.0
pivotal,2016.25,0.00026838432635534085
pivotal,2016.5,0.0012943308309603934
pivotal,2016.75,0.0005149330587023687
pivotal,2017.0,0.0005535566011624688
pivotal,2017.25,0.0013846579894765993
pivotal,2017.5,0.001606425702811245
pivotal,2017.75,0.0
pivotal,2018.0,0.0
pivotal,2018.25,0.00100150225338007
pivotal,2018.5,0.0005028916268544129
pivotal,2018.75,0.0016742406122937097
pivotal,2019.0,0.0009643201542912247
pivotal,2019.25,0.0012565971349585323
pivotal,2019.5,0.0006846188954815153
pivotal,2019.75,0.0002443195699975568
pivotal,2020.0,0.0
pivotal,2020.25,0.0006893382352941177
pivotal,2020.5,0.0008865248226950354
pivotal,2020.75,0.0008605851979345956
pivotal,2021.0,0.000732421875
pivotal,2021.25,0.0009811135638950208
pivotal,2021.5,0.0006838386140870754
pivotal,2021.75,0.0017551557700745941
pivotal,2022.0,0.0014749262536873156
pivotal,2022.25,0.00120598166907863
pivotal,2022.5,0.0022461814914645105
pivotal,2022.75,0.003351206434316354
pivotal,2023.0,0.0011720581340834506
pivotal,2023.25,0.0023272050267628577
pivotal,2023.5,0.002552105487026797
pivotal,2023.75,0.0031658927817644574
pivotal,2024.0,0.0056715063520871144
pivotal,2024.25,0.00672782874617737
pivotal,2024.5,0.004367720465890183
pivotal,2024.75,0.004309500489715965
pivotal,2025.0,0.005474452554744526
pivotal,2025.25,0.00530035335689046
pivotal,2025.5,0.004801097393689987
pivotal,2025.75,0.00349359507569456
intricate,2015.0,0.0005524861878453039
intricate,2015.25,0.0013762730525736307
intricate,2015.5,0.0005357621216180017
intricate,2015.75,0.0005060728744939271
intricate,2016.0,0.0008094981111710739
intricate,2016.25,0.00026838432635534085
intricate,2016.5,0.0002588661661920787
intricate,2016.75,0.00025746652935118434
intricate,2017.0,0.0011071132023249377
intricate,2017.25,0.0008307947936859596
intricate,2017.5,0.0002677376171352075
intricate,2017.75,0.0011967448539971278
intricate,2018.0,0.001054018445322793
intricate,2018.25,0.000500751126690035
intricate,2018.5,0.0007543374402816193
intricate,2018.75,0.0009567089213106913
intricate,2019.0,0.0007232401157184186
intricate,2019.25,0.0005026388539834129
intricate,2019.5,0.00045641259698767686
intricate,2019.75,0.0
intricate,2020.0,0.0010590415673815197
intricate,2020.25,0.0011488970588235295
intricate,2020.5,0.0004432624113475177
intricate,2020.75,0.0010757314974182443
intricate,2021.0,0.000732421875
intricate,2021.25,0.0012263919548687761
intricate,2021.5,0.0009117848187827673
intricate,2021.75,0.0
intricate,2022.0,0.0014749262536873156
intricate,2022.25,0.000482392667631452
intricate,2022.5,0.0006738544474393531
intricate,2022.75,0.0008936550491510277
intricate,2023.0,0.0016408813877168307
intricate,2023.25,0.0027926460321154294
intricate,2023.5,0.002552105487026797
intricate,2023.75,0.002743773744195863
intricate,2024.0,0.0056715063520871144
intricate,2024.25,0.0069317023445463815
intricate,2024.5,0.004575707154742097
intricate,2024.75,0.0045053868756121445
intricate,2025.0,0.0040551500405515
intricate,2025.25,0.0031409501374165686
intricate,2025.5,0.00205761316872428
intricate,2025.75,0.001996340043254034
nuanced,2015.0,0.00027624309392265195
nuanced,2015.25,0.0
nuanced,2015.5,0.0
nuanced,2015.75,0.00025303643724696357
nuanced,2016.0,0.0002698327037236913
nuanced,2016.25,0.0
nuanced,2016.5,0.0
nuanced,2016.75,0.0
nuanced,2017.0,0.0
nuanced,2017.25,0.0
nuanced,2017.5,0.0
nuanced,2017.75,0.0
nuanced,2018.0,0.00026350461133069827
nuanced,2018.25,0.0
nuanced,2018.5,0.00025144581342720644
nuanced,2018.75,0.00023917723032767282
nuanced,2019.0,0.00024108003857280618
nuanced,2019.25,0.00025131942699170643
nuanced,2019.5,0.00022820629849383843
nuanced,2019.75,0.0
nuanced,2020.0,0.00026476039184537993
nuanced,2020.25,0.0
nuanced,2020.5,0.0
nuanced,2020.75,0.0
nuanced,2021.0,0.00048828125
nuanced,2021.25,0.0
nuanced,2021.5,0.00022794620469569182
nuanced,2021.75,0.00043878894251864854
nuanced,2022.0,0.0002458210422812193
nuanced,2022.25,0.0
nuanced,2022.5,0.00022461814914645105
nuanced,2022.75,0.0006702412868632708
nuanced,2023.0,0.0
nuanced,2023.25,0.0006981615080288574
nuanced,2023.5,0.0004253509145044662
nuanced,2023.75,0.00021105951878429716
nuanced,2024.0,0.00045372050816696913
nuanced,2024.25,0.0006116207951070336
nuanced,2024.5,0.0006239600665557404
nuanced,2024.75,0.0009794319294809011
nuanced,2025.0,0.0016220600162206002
nuanced,2025.25,0.0005889281507656066
nuanced,2025.5,0.0008573388203017832
nuanced,2025.75,0.0008318083513558476
showcasing,2015.0,0.00027624309392265195
showcasing,2015.25,0.0
showcasing,2015.5,0.0
showcasing,2015.75,0.0
showcasing,2016.0,0.0002698327037236913
showcasing,2016.25,0.0
showcasing,2016.5,0.0
showcasing,2016.75,0.0
showcasing,2017.0,0.0002767783005812344
showcasing,2017.25,0.00027693159789531985
showcasing,2017.5,0.0002677376171352075
showcasing,2017.75,0.0
showcasing,2018.0,0.00026350461133069827
showcasing,2018.25,0.0
showcasing,2018.5,0.0
showcasing,2018.75,0.0
showcasing,2019.0,0.0
showcasing,2019.25,0.00025131942699170643
showcasing,2019.5,0.00045641259698767686
showcasing,2019.75,0.0
showcasing,2020.0,0.0
showcasing,2020.25,0.0
showcasing,2020.5,0.0004432624113475177
showcasing,2020.75,0.0002151462994836489
showcasing,2021.0,0.0
showcasing,2021.25,0.0002452783909737552
showcasing,2021.5,0.0
showcasing,2021.75,0.0
showcasing,2022.0,0.0004916420845624386
showcasing,2022.25,0.000241196333815726
showcasing,2022.5,0.0011230907457322552
showcasing,2022.75,0.0
showcasing,2023.0,0.0009376465072667605
showcasing,2023.25,0.0
showcasing,2023.5,0.0010633772862611655
showcasing,2023.75,0.001055297593921486
showcasing,2024.0,0.001134301270417423
showcasing,2024.25,0.0012232415902140672
showcasing,2024.5,0.0014559068219633944
showcasing,2024.75,0.0019588638589618022
showcasing,2025.0,0.0016220600162206002
showcasing,2025.25,0.0015704750687082843
showcasing,2025.5,0.0012002743484224967
showcasing,2025.75,0.0008318083513558476
delve,2015.0,0.0
delve,2015.25,0.0
delve,2015.5,0.0
delve,2015.75,0.00025303643724696357
delve,2016.0,0.0
delve,2016.25,0.00026838432635534085
delve,2016.5,0.0
delve,2016.75,0.0
delve,2017.0,0.0
delve,2017.25,0.0
delve,2017.5,0.0002677376171352075
delve,2017.75,0.0
delve,2018.0,0.0
delve,2018.25,0.0
delve,2018.5,0.0
delve,2018.75,0.00023917723032767282
delve,2019.0,0.0
delve,2019.25,0.0
delve,2019.5,0.00022820629849383843
delve,2019.75,0.0002443195699975568
delve,2020.0,0.0
delve,2020.25,0.0
delve,2020.5,0.00022163120567375886
delve,2020.75,0.0
delve,2021.0,0.000244140625
delve,2021.25,0.0004905567819475104
delve,2021.5,0.00045589240939138365
delve,2021.75,0.00043878894251864854
delve,2022.0,0.0004916420845624386
delve,2022.25,0.000482392667631452
delve,2022.5,0.0011230907457322552
delve,2022.75,0.0006702412868632708
delve,2023.0,0.00023441162681669012
delve,2023.25,0.0009308820107051431
delve,2023.5,0.0014887282007656317
delve,2023.75,0.002110595187842972
delve,2024.0,0.0029491833030852997
delve,2024.25,0.002242609582059123
delve,2024.5,0.0010399334442595673
delve,2024.75,0.0007835455435847208
delve,2025.0,0.0018248175182481751
delve,2025.25,0.0013741656851197488
delve,2025.5,0.0006858710562414266
delve,2025.75,0.0004990850108135085
meticulous,2015.0,0.0
meticulous,2015.25,0.0
meticulous,2015.5,0.0
meticulous,2015.75,0.0
meticulous,2016.0,0.0
meticulous,2016.25,0.0
meticulous,2016.5,0.0
meticulous,2016.75,0.0005149330587023687
meticulous,2017.0,0.0
meticulous,2017.25,0.0
meticulous,2017.5,0.0002677376171352075
meticulous,2017.75,0.00023934897079942556
meticulous,2018.0,0.0
meticulous,2018.25,0.0
meticulous,2018.5,0.0
meticulous,2018.75,0.00023917723032767282
meticulous,2019.0,0.0
meticulous,2019.25,0.0
meticulous,2019.5,0.00022820629849383843
meticulous,2019.75,0.0
meticulous,2020.0,0.0
meticulous,2020.25,0.0
meticulous,2020.5,0.00022163120567375886
meticulous,2020.75,0.0
meticulous,2021.0,0.00048828125
meticulous,2021.25,0.0
meticulous,2021.5,0.0
meticulous,2021.75,0.00021939447125932427
meticulous,2022.0,0.0002458210422812193
meticulous,2022.25,0.0
meticulous,2022.5,0.00022461814914645105
meticulous,2022.75,0.00022341376228775692
meticulous,2023.0,0.00046882325363338024
meticulous,2023.25,0.0
meticulous,2023.5,0.0004253509145044662
meticulous,2023.75,0.00042211903756859433
meticulous,2024.0,0.00022686025408348456
meticulous,2024.25,0.0006116207951070336
meticulous,2024.5,0.0006239600665557404
meticulous,2024.75,0.0001958863858961802
meticulous,2025.0,0.00020275750202757503
meticulous,2025.25,0.0005889281507656066
meticulous,2025.5,0.0
meticulous,2025.75,0.0004990850108135085
